1,"Onalaska -  WI"
2,"Wichita -  KS"
3,"Nashville -  TN"
4,"Portland -  OR"
5,"Pittsburgh -  PA"
6,"Dedham -  MA"
7,"Palm Beach Gardens -  FL"
8,"Miami -  FL"
9,"San Diego -  CA"
10,"Phoenix -  AZ"
11,"Vernon Hills -  IL"
12,"Coral Gables -  FL"
13,"Mount Laurel -  NJ"
14,"Springfield -  VA"
15,"Boston -  MA"
16,"West Chester -  OH"
17,"Patuxent River -  MD"
18,"Remote"
19,"Hartford -  CT"
20,"Los Angeles -  CA"
21,"Las Vegas -  NV"
22,"Tallahassee -  FL"
23,"Anaheim -  CA"
24,"Pensacola -  FL"
25,"Fort Worth -  TX"
26,"Huntsville -  AL"
27,"Offutt A F B -  NE"
28,"Memphis -  TN"
29,"Basking Ridge -  NJ"
30,"Myrtle Point -  OR"
31,"Washington -  DC"
32,"United States"
33,"Bolingbrook -  IL"
34,"Newark -  DE"
35,"Buffalo -  NY"
36,"Austin -  TX"
37,"Chantilly -  VA"
38,"Woodcliff Lake -  NJ"
39,"Plano -  TX"
40,"Tustin -  CA"
41,"Battle Creek -  MI"
42,"Santa Clara -  CA"
43,"Bridgewater -  NJ"
44,"Lexington -  KY"
45,"Rancho Cucamonga -  CA"
46,"Riverwoods -  IL"
47,"Franklin -  TN"
48,"Madison -  WI"
49,"McLean -  VA"
50,"Atlanta -  GA"
51,"Nashua -  NH"
52,"Tampa -  FL"
53,"Arlington -  VA"
54,"Houston -  TX"
55,"New York -  NY"
56,"Alpharetta -  GA"
57,"Trenton -  NJ"
58,"Carlsbad -  CA"
59,"Charlottesville -  VA"
60,"Chicago -  IL"
61,"West Lafayette -  IN"
62,"Jersey City -  NJ"
63,"Seattle -  WA"
64,"Rego Park -  NY"
65,"Charlotte -  NC"
66,"Princeton -  NJ"
67,"Pleasanton -  CA"
68,"Reston -  VA"
69,"Syracuse -  NY"
70,"Malvern -  PA"
71,"Deerfield -  IL"
72,"Spring -  TX"
73,"Fort Lauderdale -  FL"
74,"Santa Monica -  CA"
75,"Spring House -  PA"
76,"Minneapolis -  MN"
77,"Redmond -  WA"
78,"Wausau -  WI"
79,"Georgetown -  TX"
80,"Irvine -  CA"
81,"Irving -  TX"
82,"Linthicum -  MD"
83,"Greenville -  NC"
84,"Westwood -  MA"
85,"Newark -  NJ"
86,"New Berlin -  WI"
87,"Columbia -  MD"
88,"Stamford -  CT"
89,"Chandler -  AZ"
90,"Cincinnati -  OH"
91,"Dallas -  TX"
92,"Miami Lakes -  FL"
93,"Farmington -  CT"
94,"Plainsboro -  NJ"
95,"San Antonio -  TX"
96,"Manassas -  VA"
97,"Cambridge -  MA"
98,"Wilmington -  DE"
99,"San Jose -  CA"
100,"Greenville -  SC"
101,"Philadelphia -  PA"
102,"Tysons Corner -  VA"
103,"Ashburn -  VA"
104,"Radnor -  PA"
105,"Concord -  NH"
106,"Rockville -  MD"
107,"Sandy -  UT"
108,"Glendale -  CA"
109,"Detroit -  MI"
110,"Los Gatos -  CA"
111,"Fairfax -  VA"
112,"Thousand Oaks -  CA"
113,"Shelton -  WA"
114,"Marlborough -  MA"
115,"Miramar -  FL"
116,"Milwaukee -  WI"
117,"Lancaster -  PA"
118,"Lafayette -  LA"
119,"Bethesda -  MD"